{"episode": 42, "time_step": 1884, "rewards": [46.099999999999966, 32.19999999999999, 37.09999999999992, 45.49999999999996, 198.0, 14.59999999999998, 45.09999999999995, 183.79999999999998, 208.89999999999995, 207.09999999999997, 203.79999999999998, 217.2, 28.89999999999999, 30.499999999999986, 50.39999999999996, 204.7, 208.2, 195.7, 30.399999999999977, 195.9, 26.59999999999998, 211.6, 216.29999999999998, 47.99999999999997, 49.599999999999966, 187.89999999999998, 29.49999999999997, 30.399999999999977, 30.299999999999997, 27.799999999999997, 198.1, 7.1999999999999815, 210.89999999999998, 197.6, 28.699999999999974, 211.89999999999998, 218.89999999999998, 196.7, 205.99999999999994, 217.1, 10.499999999999993], "epsilon_values": [1.0, 0.995, 0.990025, 0.985074875, 0.9801495006250001, 0.9752487531218751, 0.9703725093562657, 0.9655206468094844, 0.960693043575437, 0.9558895783575597, 0.9511101304657719, 0.946354579813443, 0.9416228069143757, 0.9369146928798039, 0.9322301194154049, 0.9275689688183278, 0.9229311239742362, 0.918316468354365, 0.9137248860125932, 0.9091562615825302, 0.9046104802746175, 0.9000874278732445, 0.8955869907338783, 0.8911090557802088, 0.8866535105013078, 0.8822202429488013, 0.8778091417340573, 0.8734200960253871, 0.8690529955452602, 0.8647077305675338, 0.8603841919146962, 0.8560822709551227, 0.851801859600347, 0.8475428503023453, 0.8433051360508336, 0.8390886103705794, 0.8348931673187264, 0.8307187014821328, 0.8265651079747222, 0.8224322824348486, 0.8183201210226743]}