{"episode": 75, "time_step": 1826, "rewards": [103.67195862382047, 147.70981857177358, 3.1663062901513683, -42.135986984831405, -10.807859871432477, 23.886042643377635, 138.41614410335606, 7.172442093721671, 157.71456784424302, 160.4630473975864, -26.06224346426621, -14.781681639973868, 140.24822783560109, 139.8597452887226, -41.87221931597676, 123.7414156132039, 165.19985337148188, 166.57878066461848, 3.3832107082885727, -14.626650560738852, 150.49832225254542, 145.98038720559973, 0.06208992140007297, -108.07213735320083, -58.86949525100769, -50.53952200670166, -52.48868912444421, 36.81883557068903, 143.79176928762882, -6.770894831362119, 131.81852495986294, 154.98166067973256, 148.66073609281904, 18.010300117797016, 139.92407839025438, 7.148877081619851, -42.23814998407579, 135.6540898509447, 170.49352902013044, 12.657187141860248, -17.794891202084436, 161.33288326442064, 167.91860841841992, 33.75223746252638, 133.83050474899233, 123.44709040298653, -6.3482553365735015, -13.352030263919616, -36.9983512492989, 151.2347298921016, 161.72136175867828, 154.51677598366396, -77.6749834855641, -67.52535169073515, -2.664409020350405, 137.47324484681081, -28.339603969477594, 108.91461298441959, 131.95950304651743, -15.731801221161327, 167.08307916970654, 149.2116558702558, -70.88344822875663, 148.07294942791694, 159.66836587717643, 164.3550241426159, 146.10023990547586, 141.2329621230878, 161.58035332284885, 143.57990733658113, -34.485723973768245, 152.16048925072405, -23.48856140554563], "epsilon_values": [1.0, 0.995, 0.990025, 0.985074875, 0.9801495006250001, 0.9752487531218751, 0.9703725093562657, 0.9655206468094844, 0.960693043575437, 0.9558895783575597, 0.9511101304657719, 0.946354579813443, 0.9416228069143757, 0.9369146928798039, 0.9322301194154049, 0.9275689688183278, 0.9229311239742362, 0.918316468354365, 0.9137248860125932, 0.9091562615825302, 0.9046104802746175, 0.9000874278732445, 0.8955869907338783, 0.8911090557802088, 0.8866535105013078, 0.8822202429488013, 0.8778091417340573, 0.8734200960253871, 0.8690529955452602, 0.8647077305675338, 0.8603841919146962, 0.8560822709551227, 0.851801859600347, 0.8475428503023453, 0.8433051360508336, 0.8390886103705794, 0.8348931673187264, 0.8307187014821328, 0.8265651079747222, 0.8224322824348486, 0.8183201210226743, 0.8142285204175609, 0.810157377815473, 0.8061065909263957, 0.8020760579717637, 0.798065677681905, 0.7940753492934954, 0.7901049725470279, 0.7861544476842928, 0.7822236754458713, 0.778312557068642, 0.7744209942832988, 0.7705488893118823, 0.7666961448653229, 0.7628626641409962, 0.7590483508202912, 0.7552531090661897, 0.7514768435208588, 0.7477194593032545, 0.7439808620067382, 0.7402609576967045, 0.736559652908221, 0.7328768546436799, 0.7292124703704616, 0.7255664080186093, 0.7219385759785162, 0.7183288830986236, 0.7147372386831305, 0.7111635524897149, 0.7076077347272662, 0.7040696960536299, 0.7005493475733617, 0.697046600835495]}