{"episode": 6, "time_step": 135, "rewards": [104.9, -16.700000000000003, 118.70000000000002, 110.80000000000001, -16.0], "epsilon_values": [1.0, 0.997, 0.994009, 0.991026973, 0.988053892081]}