{"episode": 68, "time_step": 3123, "rewards": [26.899999999999977, 30.89999999999999, 11.199999999999989, 191.89999999999998, 31.39999999999999, 213.5, 204.99999999999997, 188.10000000000002, 196.2, 220.19999999999996, 30.399999999999977, 8.099999999999994, 11.100000000000001, 209.0, 205.2, 30.89999999999999, 29.09999999999998, 195.0, 7.59999999999998, 195.39999999999998, 7.999999999999986, 30.799999999999983, 29.69999999999999, 9.099999999999994, 213.39999999999998, 212.29999999999998, 198.4, 204.89999999999998, 32.29999999999998, 34.999999999999986, 10.499999999999986, -50.5, 44.799999999999955, 29.799999999999997, 129, 23.899999999999977, 125, 197.4, 49.199999999999974, 132, 119, -50.2, 117, 115, 197.3, 8.699999999999996, -50.5, 111, -50.5, -50.2, 125, -50.2, 186.39999999999998, 133, 198.29999999999995, 31.299999999999983, 188.89999999999998, 205.2, 130, -50.2, 204.8, 10.800000000000004, -50.2, -50.0, 189.09999999999997, -50.2], "epsilon_values": [1.0, 0.995, 0.990025, 0.985074875, 0.9801495006250001, 0.9752487531218751, 0.9703725093562657, 0.9655206468094844, 0.960693043575437, 0.9558895783575597, 0.9511101304657719, 0.946354579813443, 0.9416228069143757, 0.9369146928798039, 0.9322301194154049, 0.9275689688183278, 0.9229311239742362, 0.918316468354365, 0.9137248860125932, 0.9091562615825302, 0.9046104802746175, 0.9000874278732445, 0.8955869907338783, 0.8911090557802088, 0.8866535105013078, 0.8822202429488013, 0.8778091417340573, 0.8734200960253871, 0.8690529955452602, 0.8647077305675338, 0.8603841919146962, 0.8560822709551227, 0.851801859600347, 0.8475428503023453, 0.8433051360508336, 0.8390886103705794, 0.8348931673187264, 0.8307187014821328, 0.8265651079747222, 0.8224322824348486, 0.8183201210226743, 0.8142285204175609, 0.810157377815473, 0.8061065909263957, 0.8020760579717637, 0.798065677681905, 0.7940753492934954, 0.7901049725470279, 0.7861544476842928, 0.7822236754458713, 0.778312557068642, 0.7744209942832988, 0.7705488893118823, 0.7666961448653229, 0.7628626641409962, 0.7590483508202912, 0.7552531090661897, 0.7514768435208588, 0.7477194593032545, 0.7439808620067382, 0.7402609576967045, 0.736559652908221, 0.7328768546436799, 0.7292124703704616, 0.7255664080186093, 0.7219385759785162]}