{"episode": 314, "time_step": 7594, "rewards": [59.199999999999996, 58.0, 56.19999999999999, 60.8, 56.399999999999984, 59.8, -52.400000000000006, -31.7, 59.3, 57.5, -14.900000000000027, 155.2, 59.79999999999998, 63.099999999999994, -26.099999999999998, 54.899999999999984, 58.0, 59.2, -45.9, 61.49999999999999, 58.69999999999999, -6.000000000000014, -11.000000000000014, 59.300000000000004, -27.7, -50.5, -27.599999999999998, 58.7, 60.199999999999996, 61.099999999999994, 56.899999999999984, 60.39999999999999, 61.099999999999994, 61.79999999999998, 60.8, 57.8, -50.1, 53.8, -32.5, 64.19999999999999, -31.499999999999996, 63.19999999999999, 61.0, 58.79999999999998, 61.099999999999994, -16.10000000000001, -11.100000000000009, -16.30000000000001, 59.69999999999999, 64.1, 62.599999999999994, -26.799999999999997, 62.89999999999999, 60.69999999999999, 61.3, -29.2, 61.099999999999994, 58.499999999999986, -48.8, 61.2, 57.3, 64.9, 60.499999999999986, 63.199999999999996, 62.300000000000004, 57.499999999999986, -30.4, 63.0, 61.400000000000006, 56.599999999999994, 58.599999999999994, 58.099999999999994, -29.4, 62.5, 57.5, 64.89999999999999, 59.59999999999999, -12.500000000000014, 58.3, -29.2, -52.5, 56.99999999999999, 56.8, -48.0, 61.39999999999999, 60.099999999999994, -12.900000000000006, 62.69999999999999, -30.0, 63.89999999999999, 63.9, 59.699999999999996, 65.2, 60.19999999999999, -31.5, 60.3, 61.29999999999998, 61.599999999999994, -13.700000000000003, 61.3, 61.0, -49.0, 60.49999999999998, -15.80000000000004, 61.3, 65.3, 59.09999999999999, 62.400000000000006, 60.099999999999994, 64.39999999999999, 63.19999999999999, -28.099999999999998, 59.29999999999998, 58.099999999999994, -13.600000000000016, -33.199999999999996, 59.39999999999999, -28.4, 57.5, -32.699999999999996, 62.099999999999994, 59.199999999999996, 58.8, 59.99999999999999, 58.59999999999999, 57.5, 63.99999999999999, 63.69999999999999, 58.39999999999999, 61.19999999999999, 55.79999999999998, 62.89999999999999, -50.3, -31.799999999999997, 58.5, 63.599999999999994, 61.79999999999998, 63.19999999999999, 63.5, 172.0, 62.89999999999999, 60.9, 61.69999999999999, 63.79999999999998, -6.000000000000007, 60.3, -8.0, -52.4, 60.89999999999999, -31.799999999999997, -5.700000000000003, -10.40000000000002, 62.599999999999994, 57.699999999999996, 62.6, -49.7, 59.99999999999999, 60.0, -13.800000000000004, 59.099999999999994, -45.5, 62.300000000000004, -30.7, -25.7, 61.29999999999999, 63.099999999999994, 63.69999999999999, 61.29999999999998, 59.09999999999997, 65.19999999999999, -12.600000000000016, -7.0, 65.9, -31.799999999999997, 60.29999999999998, 90.09999999999998, 59.8, 65.39999999999999, 61.6, 59.09999999999999, 62.999999999999986, 59.800000000000004, 65.19999999999999, -14.300000000000011, -12.90000000000002, 59.800000000000004, 58.999999999999986, 64.69999999999999, 63.0, 60.7, -15.300000000000054, 159.09999999999997, -15.60000000000003, -28.0, -8.100000000000037, 61.099999999999994, -10.400000000000006, 62.0, 58.6, 59.29999999999999, 61.099999999999994, -51.5, 64.79999999999998, 60.89999999999999, 59.199999999999974, 60.999999999999986, 59.59999999999998, 60.199999999999996, 65.9, 59.39999999999997, 60.09999999999998, 61.19999999999999, 59.599999999999994, 60.39999999999999, 60.999999999999986, -11.100000000000023, 58.69999999999999, 62.499999999999986, -11.300000000000033, -15.100000000000023, 63.099999999999994, 55.29999999999997, 63.099999999999994, 58.3, 56.0, 56.49999999999997, 55.59999999999995, 62.69999999999999, -5.700000000000003, 49.39999999999989, 62.199999999999996, 62.900000000000006, 58.19999999999999, 61.0, 60.3, 63.09999999999998, 62.599999999999994, 61.49999999999999, 62.099999999999994, 59.79999999999998, 63.999999999999986, 61.8, 63.19999999999999, 59.29999999999998, 62.39999999999998, 63.8, 62.09999999999998, 52.99999999999996, 58.499999999999986, -11.500000000000021, 61.99999999999999, 67.0, 60.5, 60.299999999999976, 60.99999999999997, 153.29999999999995, 61.0, 64.19999999999999, -13.400000000000048, 62.699999999999996, 60.19999999999999, 54.19999999999996, 60.499999999999986, 59.69999999999999, 149.99999999999997, 57.599999999999994, -29.499999999999996, 64.5, 61.099999999999994, 54.79999999999994, 59.69999999999996, 59.09999999999995, 64.19999999999999, -29.799999999999997, 56.899999999999956, 56.19999999999996, 60.3, -28.099999999999998, 60.89999999999999, 60.19999999999996, 64.79999999999998, 63.599999999999994, 63.599999999999994, -9.800000000000004, -16.500000000000043, 58.19999999999999, -28.299999999999997, 56.19999999999996, 60.19999999999999, 59.499999999999986, 60.89999999999998, 59.29999999999999, 62.99999999999997, 61.599999999999994, -13.90000000000002, 61.59999999999999, 61.8, 62.699999999999996, 62.69999999999999, -15.300000000000033, -26.599999999999998, 57.8, 60.099999999999994, 60.19999999999999, 59.8, 133.79999999999995, 61.599999999999994, 61.19999999999999, 60.39999999999999, 59.79999999999998, 59.5, -26.9, -9.500000000000021],