{"episode": 138, "time_step": 3177, "rewards": [101.10000000000001, -2.3999999999999915, 57.199999999999974, -27.999999999999993, 101.79999999999998, 1.8000000000000043, 0.9999999999999858, 0.29999999999998295, -49.0, 89.8, 106.60000000000001, -9.799999999999997, 92.1, 91.70000000000002, 97.4, 98.49999999999999, -22.400000000000013, 113.99999999999999, 104.69999999999999, -13.699999999999992, -44.199999999999996, -25.6, 88.69999999999999, -37.9, 103.4, 99.00000000000001, 92.60000000000001, -35.89999999999999, 8.100000000000016, 91.69999999999999, -33.5, 100.10000000000001, -25.099999999999998, 96.50000000000001, -30.499999999999993, 98.3, -3.79999999999999, 104.6, 6.799999999999997, -30.6, 97.99999999999999, 107.60000000000001, 104.10000000000001, 94.9, 94.19999999999999, 101.5, 5.999999999999993, -17.499999999999993, 87.0, 94.3, -48.8, 97.6, 97.8, -14.800000000000004, 95.80000000000001, 107.9, 6.000000000000014, 86.6, -8.799999999999997, -18.299999999999986, 105.60000000000001, 97.3, -9.699999999999996, -28.299999999999997, 87.99999999999999, 101.29999999999997, 10.29999999999999, -26.099999999999994, 82.59999999999998, 102.60000000000001, -33.8, 85.1, 91.5, 100.89999999999999, 100.7, 81.89999999999998, -5.099999999999994, 96.5, -22.400000000000002, 16.4, -19.799999999999994, 87.4, 95.49999999999999, 100.39999999999998, 97.3, 91.29999999999998, 111.89999999999999, 96.80000000000001, 104.7, 87.5, 98.89999999999999, 97.79999999999998, -27.29999999999999, 95.29999999999997, 22.0, 89.3, -43.3, -0.29999999999999716, 97.0, 97.10000000000001, 97.0, -30.199999999999996, 83.1, 99.4, 90.3, 89.8, 99.1, 104.59999999999998, 89.80000000000001, 100.1, 81.9, 96.69999999999999, -28.799999999999997, 9.0, 96.0, 92.80000000000001, -35.699999999999996, 101.09999999999998, -2.29999999999999, 103.7, 100.69999999999999, 59.29999999999997, -13.599999999999987, 86.29999999999998, 82.39999999999999, 91.2, 108.8, 93.89999999999998, 86.09999999999998, 99.60000000000001, 79.6, -25.700000000000003, 92.19999999999997, 89.89999999999999, 97.1], "epsilon_values": [0.5, 0.5, 0.5, 0.5, 0.5, 0.5, 0.5, 0.5, 0.5, 0.5, 0.5, 0.5, 0.5, 0.5, 0.5, 0.5, 0.5, 0.5, 0.5, 0.5, 0.5, 0.5, 0.5, 0.5, 0.5, 0.5, 0.5, 0.5, 0.5, 0.5, 0.5, 0.5, 0.5, 0.5, 0.5, 0.5, 0.5, 0.5, 0.5, 0.5, 0.5, 0.5, 0.5, 0.5, 0.5, 0.5, 0.5, 0.5, 0.5, 0.5, 0.5, 0.5, 0.5, 0.5, 0.5, 0.5, 0.5, 0.5, 0.5, 0.5, 0.5, 0.5, 0.5, 0.5, 0.5, 0.5, 0.5, 0.5, 0.5, 0.5, 0.5, 0.5, 0.5, 0.5, 0.5, 0.5, 0.5, 0.5, 0.5, 0.5, 0.5, 0.5, 0.5, 0.5, 0.5, 0.5, 0.5, 0.5, 0.5, 0.5, 0.5, 0.5, 0.5, 0.5, 0.5, 0.5, 0.5, 0.5, 0.5, 0.5, 0.5, 0.5, 0.5, 0.5, 0.5, 0.5, 0.5, 0.5, 0.5, 0.5, 0.5, 0.5, 0.5, 0.5, 0.5, 0.5, 0.5, 0.5, 0.5, 0.5, 0.5, 0.5, 0.5, 0.5, 0.5, 0.5, 0.5, 0.5, 0.5, 0.5, 0.5, 0.5, 0.5, 0.5, 0.5]}