{"episode": 341, "time_step": 19899, "rewards": [-48.400000000000006, -230.7, 1.8000000000000078, -12.599999999999987, -120.10000000000002, 26.299999999999997, -10.399999999999999, 8.600000000000001, -153.2, -57.10000000000001, -29.800000000000004, 49.5, -134.70000000000002, 8.000000000000004, 44.0, -153.6, 44.2, -181.70000000000002, 32.800000000000004, 43.8, -160.20000000000002, 24.100000000000005, -19.800000000000004, -211.30000000000007, 29.799999999999997, 79.9, 75.19999999999999, 62.800000000000004, 58.6, -28.30000000000001, 17.9, 77.19999999999999, -67.4, -14.899999999999999, 31.8, 11.699999999999992, 57.5, 37.8, 55.6, -165.39999999999998, 68.0, -186.00000000000003, -135.4, -95.9, -221.70000000000002, 8.0, 38.40000000000001, 12.999999999999995, 62.199999999999996, 75.6, 55.699999999999996, -54.0, -58.10000000000001, 43.60000000000001, -62.400000000000006, 68.19999999999999, -125.50000000000001, 62.7, 11.9, 14.8, -13.899999999999991, 81.19999999999999, -26.0, -187.0, -296.59999999999997, 77.19999999999999, 76.5, 32.3, 37.800000000000004, 35.3, 22.400000000000016, 92.49999999999999, 79.69999999999999, 75.8, 82.5, 83.1, 27.39999999999999, 47.099999999999994, 73.6, 89.69999999999999, -113.5, 1.7999999999999972, 60.1, 83.29999999999998, 64.4, 100.10000000000001, 88.19999999999997, 37.4, 34.6, 68.0, 62.1, 44.89999999999999, 74.4, 79.49999999999999, 74.4, 4.20000000000001, 64.69999999999999, 66.5, 46.4, 76.30000000000001, 80.6, 73.19999999999999, 80.8, 58.20000000000001, 78.30000000000001, 89.29999999999998, 50.49999999999999, 96.2, 93.4, 93.5, 74.69999999999999, 71.19999999999999, 68.1, 101.10000000000001, 71.19999999999999, 35.7, 93.6, 23.9, 45.0, 89.1, 76.19999999999999, 69.1, -140.1, 75.5, 84.5, 38.4, -10.300000000000004, -174.60000000000002, -116.5, 44.10000000000001, 72.8, 89.49999999999999, 37.99999999999999, 49.19999999999999, 110.29999999999998, 111.7, 78.6, 97.19999999999999, 101.5, 18.900000000000002, 90.3, 91.1, 58.50000000000001, 78.1, 23.200000000000003, 91.9, 92.5, 75.6, 26.700000000000003, 107.5, 55.6, 47.400000000000006, 68.6, 88.4, 18.199999999999996, 93.2, 65.5, 73.89999999999998, 64.19999999999999, 69.69999999999999, 90.2, 62.0, 65.30000000000001, 76.5, -165.0, 105.10000000000001, 98.1, 105.3, 108.5, 17.299999999999994, 104.19999999999999, -16.99999999999998, 88.39999999999999, 56.1, 98.10000000000001, -17.79999999999999, 32.0, 58.2, 105.2, 46.699999999999996, 75.2, 41.0, 66.39999999999999, 93.49999999999999, 113.5, 94.4, 83.4, 66.3, 85.9, 53.4, 86.69999999999999, 101.49999999999999, 48.5, 95.8, 95.2, 95.8, 64.2, 105.4, 83.6, 21.999999999999986, 102.19999999999999, 99.5, 92.50000000000001, 78.6, 73.0, 10.599999999999994, 94.0, -31.300000000000004, 85.89999999999999, -19.299999999999997, 70.19999999999999, 77.2, 99.1, 89.30000000000001, 82.49999999999999, 91.30000000000001, 103.0, 35.400000000000006, 104.70000000000002, 73.3, 56.0, 106.0, -35.3, 82.3, 116.9, 76.19999999999999, 47.0, 59.10000000000001, 21.199999999999996, 80.1, 32.00000000000001, 108.19999999999999, -48.60000000000002, 59.89999999999999, 87.5, 98.60000000000001, 99.30000000000003, 78.6, 109.80000000000001, 16.39999999999999, 97.29999999999998, -0.3000000000000007, 102.30000000000001, 52.7, 66.69999999999999, 87.8, 107.39999999999999, 66.20000000000002, 75.80000000000001, 85.9, 101.8, 0.19999999999999218, -87.9, -5.0, 95.39999999999999, 73.3, 85.0, 74.79999999999998, 85.0, -194.4, 96.29999999999998, 98.0, 98.9, 15.700000000000003, 50.199999999999996, 13.89999999999998, 79.1, 104.19999999999999, -11.0, 69.6, 120.0, 71.6, 84.8, 87.50000000000001, 116.8, 80.5, 98.30000000000001, 97.30000000000001, 93.90000000000002, 98.0, 106.1, 44.3, 59.300000000000004, -101.1, 67.10000000000002, 90.3, 106.30000000000001, 3.200000000000003, 99.5, 69.69999999999999, 106.30000000000003, 57.79999999999999, 71.29999999999998, 81.3, 106.5, 58.699999999999996, 105.0, 38.599999999999994, 22.6, 37.0, 110.89999999999999, 77.1, 59.99999999999999, 55.400000000000006, 38.900000000000006, 83.0, -5.000000000000014, 46.599999999999994, 97.3, 74.9, -146.8, -10.5, 35.300000000000004, 84.0, 24.999999999999996, 66.30000000000001, 58.99999999999999, 52.90000000000001, 22.499999999999993, 28.6, 36.4, -224.79999999999995, -109.30000000000001, 81.0, 109.7, -0.5, 75.49999999999997, -13.800000000000011, 26.299999999999997, 94.79999999999998, 12.000000000000007, 45.10000000000001, -129.6, 53.5, 87.0, 72.1, -131.30000000000004],