{"episode": 599, "time_step": 19169, "rewards": [-52.099999999999994, -46.5, 85.0, 79.69999999999999, -7.0, -11.70000000000001, -0.19999999999999574, 96.39999999999999, 116.0, 104.59999999999997, -33.2, -4.799999999999997, -30.6, -11.29999999999999, -9.199999999999996, 102.20000000000002, -46.699999999999996, 113.0, 6.499999999999986, -6.00000000000005, 87.19999999999999, 102.1, 102.5, -3.0999999999999943, 104.29999999999998, 2.500000000000007, -25.599999999999998, 99.7, 25.39999999999999, 19.599999999999994, 2.1999999999999957, 26.299999999999997, -6.599999999999994, 11.199999999999996, 108.49999999999999, 93.3, 7.399999999999999, 96.69999999999999, 93.7, 92.9, -27.1, -8.600000000000016, 77.99999999999997, 96.9, 105.9, 94.4, 92.70000000000002, 18.799999999999997, 108.30000000000001, 95.7, 17.39999999999999, -5.6000000000000085, 94.89999999999999, -27.4, -6.6000000000000085, 92.60000000000002, 103.00000000000001, 102.0, 104.20000000000002, 10.599999999999994, 25.400000000000006, 9.600000000000009, 96.1, 111.00000000000001, 107.19999999999999, 102.10000000000001, -22.0, 14.400000000000006, 98.80000000000001, 112.5, -0.4999999999999929, 107.00000000000003, 7.899999999999999, 107.7, 27.400000000000006, -11.799999999999997, 100.5, -22.499999999999996, -2.200000000000003, 98.40000000000002, 108.0, -2.6000000000000227, 88.0, -14.500000000000028, 105.0, 105.79999999999998, 6.799999999999997, 19.799999999999997, 24.099999999999994, -7.799999999999997, 102.6, -49.6, 97.00000000000001, 90.79999999999998, 104.0, 99.30000000000001, 27.900000000000006, 100.8, -11.700000000000014, -7.299999999999997, 96.7, 102.30000000000001, -13.299999999999997, 6.599999999999994, 2.1999999999999886, 94.9, 101.2, 109.80000000000001, 90.79999999999998, -3.900000000000013, 114.9, 27.099999999999994, -8.200000000000003, -12.100000000000009, 92.4, 97.50000000000001, 112.8, 26.799999999999997, 110.0, 98.79999999999998, -33.8, -39.6, 96.8, 107.0, -41.699999999999996, 85.6, 104.10000000000001, 105.69999999999999, -26.9, 103.3, -28.699999999999992, 96.20000000000002, 94.10000000000001, -6.499999999999993, 101.4, 5.799999999999997, 80.1, 90.69999999999999, 94.60000000000001, 109.60000000000001, -28.799999999999994, -39.5, 94.80000000000001, -51.8, 108.70000000000002, 96.1, 100.1, 96.2, -35.5, 100.7, -11.999999999999986, -58.99999999999999, 84.6, 7.900000000000006, 94.29999999999997, 94.60000000000001, 85.6, 80.0, 71.19999999999999, 91.5, 62.900000000000006, -62.0, 65.8, -31.999999999999996, -37.6, 104.4, -12.900000000000006, 15.799999999999997, -54.6, 91.39999999999999, -12.7, -42.9, 91.1, -62.5, 63.79999999999998, 84.79999999999998, 178.1, -46.0, -26.299999999999994, 55.699999999999974, -33.6, -64.50000000000013, -24.999999999999996, -37.3, -19.799999999999997, -30.60000000000001, 28.89999999999998, 45.70000000000002, 66.99999999999997, 43.80000000000001, -56.0, 11.5, -30.6, -26.199999999999996, -35.3, -19.90000000000001, -19.400000000000034, -32.599999999999994, -64.40000000000008, -23.300000000000026, 14.200000000000019, -28.799999999999997, -26.599999999999994, -15.400000000000013, -23.9, 41.900000000000006, -59.19999999999999, -57.5, -18.700000000000014, -37.70000000000004, -28.799999999999997, -30.4, -46.8, -22.800000000000008, -29.399999999999995, -7.399999999999984, 14.49999999999997, -35.5, -44.49999999999999, -35.599999999999994, -22.2, -40.8, -45.5, 58.49999999999996, -7.600000000000016, -38.4, -23.199999999999996, -39.4, -34.900000000000006, -48.00000000000001, -16.0, -28.5, -23.9, -42.9, 166.30000000000004, -3.399999999999995, -30.200000000000003, -25.999999999999996, 147.7, -26.2, -49.800000000000004, -51.3, -35.199999999999996, -9.09999999999998, -24.300000000000082, -49.4, -45.5, -63.29999999999999, -27.499999999999996, -31.6, -42.099999999999994, -23.9, -42.199999999999996, 34.59999999999998, -26.599999999999998, -30.799999999999986, -44.9, -157.49999999999972, 26.199999999999992, -26.2, -23.60000000000001, -39.5, -38.6, -43.8, 0.0, -24.299999999999997, -34.4, -47.199999999999996, -22.0, -12.600000000000005, 10.899999999999991, -14.000000000000014, -19.20000000000001, -23.6, 11.399999999999991, -295.19999999999993, -7.0, -40.300000000000004, -16.1, 69.4, 12.799999999999997, -15.400000000000006, 3.3000000000000043, -23.2, 27.800000000000004, -45.2, -49.39999999999999, -7.899999999999999, 93.70000000000002, 65.6, -169.9, 21.799999999999983, -26.0, -18.699999999999996, -24.8, 169.5, -34.9, -20.5, 0.8000000000000043, -292.0, -22.299999999999997, -38.6, 13.999999999999986, -14.199999999999989, -38.099999999999994, -72.4, -31.299999999999997, -8.899999999999999, -42.4, -37.000000000000014, -15.700000000000006, 24.499999999999986, -13.099999999999987, -40.7, -24.799999999999997, -27.59999999999998, -52.0, -24.500000000000004, 1.9000000000000057, -22.0, -31.199999999999996, -21.099999999999998, -8.099999999999994, -13.399999999999999, 3.5, -37.9, -31.400000000000016, 1.0, -22.5, -12.5, -27.9, -35.0, -38.400000000000006, -35.5, -26.3, -1.5999999999999943, -284.3999999999999, -16.299999999999997, -33.400000000000006, -12.70000000000001, -40.7, -37.2, -5.8999999999999915, -49.1, -44.900000000000006, -37.400000000000006, -36.9, 3.20000000000001, 13.500000000000007, -43.60000000000001, -18.000000000000007, -43.6, -13.299999999999997, -45.6, -4.499999999999993, -21.7, -9.100000000000009, -26.300000000000004, -39.900000000000006, -17.600000000000016, -13.399999999999999, 93.79999999999998, -197.79999999999964, -29.1, -46.5, -54.400000000000006, -43.6, -35.49999999999999, -59.2, -19.399999999999984, -49.4, -39.300000000000004, -34.99999999999999, -40.1, 110.4, -42.99999999999999, 1.7000000000000028, -43.1, -51.099999999999994, -52.9, -27.400000000000006, -12.400000000000006, -37.2, -23.8, -31.299999999999997, -25.400000000000006, -27.6, -20.900000000000002, -39.800000000000004, -40.79999999999999, -42.4, -30.100000000000012, -11.299999999999983, -31.9, -50.8, -46.099999999999994, -24.9, -8.299999999999976, 0.20000000000000995, -11.79999999999999, -13.499999999999986, -26.7, -17.499999999999993, -28.1, -14.599999999999984, -16.199999999999985, -37.800000000000004, 91.49999999999999, -30.900000000000002, -54.5, -54.1, -38.699999999999996, -203.39999999999975, -13.299999999999997, 114.9, -42.5, -42.2, -43.00000000000001, -38.4, -43.0, -52.0, -49.1, -44.0, -38.099999999999994, -17.0, -51.0, -40.3, -15.899999999999999, -55.3, -19.4, -36.1, -49.699999999999996, 105.5, 14.099999999999973, -0.79999999999999, 102.6, -28.4, 97.8, -15.099999999999998, -0.19999999999999574, 2.4000000000000057, 91.2, -37.6, 163.4, -16.2, 85.89999999999999, 100.49999999999997, 83.79999999999998, 88.1, -9.799999999999997, -27.4, -41.99999999999999, -12.699999999999998, 87.20000000000002, 9.200000000000024, -5.699999999999996, 99.49999999999997, 32.39999999999999, 98.30000000000001, -16.59999999999999, 104.7, 98.7, -8.800000000000004, 88.69999999999999, 22.000000000000014, -13.699999999999998, -1.8999999999999986, 89.50000000000001, 168.4, 2.599999999999987, -1.1999999999999886, 84.29999999999998, 109.3, -6.900000000000006, -47.3, 11.199999999999996, 6.499999999999993, 87.80000000000003, -27.199999999999996, 107.3, -27.299999999999997, 92.69999999999997, 103.89999999999999, 7.699999999999996, 97.50000000000001, -24.4, 94.9, 4.600000000000001, 102.5, -39.5, 11.399999999999991, -4.70000000000001, 12.899999999999984, 172.7, 95.8, 97.3, 4.099999999999973, -9.599999999999994, 14.899999999999999, 15.700000000000017, -2.6999999999999993, 103.79999999999998, -30.500000000000004, -8.500000000000007, 171.09999999999997, -1.6999999999999886, -44.2, -24.199999999999996, 3.900000000000013, 94.69999999999999, -5.499999999999993, 103.39999999999999, 105.1, 84.29999999999997, -10.299999999999997, -8.0, 99.10000000000001, 90.29999999999998, 106.7, -7.699999999999996, 93.3, -11.199999999999996, 82.79999999999998, 95.0, 176.3, 9.399999999999999, -26.4, 93.60000000000001, -7.100000000000001, 80.0, -12.999999999999993, -6.399999999999999,