{"episode": 8, "time_step": 706, "rewards": [-60.599999999999994, -53.6, -23.199999999999996, -19.0, -22.800000000000004, -25.4, -57.6], "epsilon_values": [1.0, 0.995, 0.990025, 0.985074875, 0.9801495006250001, 0.9752487531218751, 0.9703725093562657]}