{"episode": 407, "time_step": 7500, "rewards": [90.10000000000001, 85.60000000000001, 132.3, 134.7, 123.7, 138.9, 122.8, 89.7, 121.6, 142.0, 94.1, 95.5, 80.4, 81.0, 116.9, 95.0, 99.4, 126.0, 139.6, 144.4, 137.3, 115.5, 153.6, 117.2, 110.5, 148.4, 111.4, 135.7, 163.7, 109.7, 140.0, 106.1, 160.1, 141.8, 132.3, 100.2, 156.3, 133.1, 99.5, 80.2, 142.8, 143.8, 120.1, 130.6, 135.7, 162.0, 157.8, 153.3, 149.7, 134.4, 155.5, 131.1, 131.2, 143.4, 155.1, 153.7, 160.2, 101.60000000000001, 141.7, 146.4, 87.0, 158.3, 133.3, 176.2, 157.0, 101.8, 136.4, 165.1, 147.8, 131.1, 127.5, 105.4, 162.3, 156.9, 145.4, 149.7, 153.1, 162.3, 159.3, 152.8, 135.9, 152.8, 151.3, 119.2, 161.3, 156.1, 147.5, 164.5, 154.6, 156.5, 140.7, 116.7, 170.0, 157.7, 136.4, 164.9, 164.9, 168.5, 170.5, 162.7, 156.6, 166.6, 148.7, 139.1, 166.1, 165.1, 143.7, 162.2, 162.2, 133.8, 166.3, 169.0, 145.1, 153.5, 164.4, 169.0, 146.6, 143.9, 157.1, 161.6, 172.5, 168.5, 174.7, 169.9, 166.0, 155.5, 170.1, 157.4, 155.4, 132.4, 159.4, 178.5, 173.8, 171.2, 166.0, 171.4, 174.2, 169.3, 167.1, 170.0, 171.5, 156.0, 168.4, 157.6, 172.2, 167.6, 161.2, 163.5, 130.2, 166.8, 165.4, 138.7, 168.7, 171.2, 176.2, 161.2, 176.2, 171.3, 157.6, 176.2, 166.6, 156.2, 170.0, 161.2, 181.4, 168.4, 149.6, 165.6, 158.1, 162.5, 177.2, 175.9, 178.7, 172.5, 171.1, 171.6, 177.2, 173.4, 178.8, 136.3, 178.7, 172.5, 150.1, 176.2, 174.7, 169.3, 179.4, 174.6, 171.6, 172.5, 164.3, 177.5, 179.8, 171.2, 179.1, 173.5, 161.2, 171.2, 161.2, 177.8, 169.0, 177.6, 171.4, 162.6, 176.2, 162.8, 173.7, 181.2, 174.7, 173.7, 171.2, 178.7, 137.8, 182.5, 179.0, 171.2, 176.2, 174.0, 174.0, 177.7, 175.1, 178.5, 176.5, 173.7, 168.7, 169.1, 176.2, 176.6, 178.7, 168.7, 181.2, 143.7, 176.2, 169.7, 173.0, 179.7, 176.6, 178.8, 181.8, 177.2, 176.2, 177.5, 172.3, 179.7, 180.0, 181.6, 179.0, 181.2, 179.0, 164.5, 173.7, 169.0, 175.3, 176.5, 173.7, 176.2, 168.7, 172.5, 182.2, 173.8, 176.3, 173.5, 176.5, 178.7, 176.2, 177.2, 170.5, 176.2, 173.7, 171.2, 181.2, 172.9, 176.2, 172.5, 173.7, 178.7, -104.4, 181.5, 172.5, 178.3, 181.1, 174.7, 181.2, 174.5, 181.2, 173.7, 174.7, 178.8, 178.7, 179.0, 176.2, 173.8, 178.7, 181.0, 173.7, 177.2, 164.0, 171.2, 181.2, 181.2, 181.2, 175.6, 178.5, 173.7, 173.7, 179.7, 179.8, 160.0, 176.2, 173.7, 178.7, 182.2, 181.2, 181.2, 173.7, 176.3, 178.7, 174.0, 176.2, 175.3, 180.6, 181.2, 182.2, 180.5, 181.5, 178.7, 181.2, 176.2, 176.2, 179.0, 178.7, 179.7, 176.2, 176.2, 176.2, 176.2, 176.2, 174.0, 181.2, 178.7, 182.2, 176.2, 181.3, 176.2, 176.3, 170.0, 179.7, 178.7, 178.7, 181.2, 174.7, 176.2, 179.7, 179.7, 176.2, 181.2, 173.8, 178.7, 180.0, 179.8, 178.7, 181.5, 176.2, 181.2, 181.5, 178.7, 176.2, 173.7, 177.2, 176.3, 178.7, 178.7, 178.8, 178.7, 181.2, 181.2, 181.2, 177.5, 181.2, 181.2, 182.3, 181.2, 176.2, 179.7, 181.2, 173.7, 176.3, 169.8, 178.7, 182.2, 180.0, 178.8, 181.3, 181.2, 179.7, 178.7, 147.2, 180.0, 181.2, 182.2, 176.2, 178.7, 176.2, 181.2, 178.7, 176.2], "epsilon_values": [1.0, 0.995, 0.990025, 0.985074875, 0.9801495006250001, 0.9752487531218751, 0.9703725093562657, 0.9655206468094844, 0.960693043575437, 0.9558895783575597, 0.9511101304657719, 0.946354579813443, 0.9416228069143757, 0.9369146928798039, 0.9322301194154049, 0.9275689688183278, 0.9229311239742362, 0.918316468354365, 0.9137248860125932, 0.9091562615825302, 0.9046104802746175, 0.9000874278732445, 0.8955869907338783, 0.8911090557802088, 0.8866535105013078, 0.8822202429488013, 0.8778091417340573, 0.8734200960253871, 0.8690529955452602, 0.8647077305675338, 0.8603841919146962, 0.8560822709551227, 0.851801859600347, 0.8475428503023453, 0.8433051360508336, 0.8390886103705794, 0.8348931673187264, 0.8307187014821328, 0.8265651079747222, 0.8224322824348486, 0.8183201210226743, 0.8142285204175609, 0.810157377815473, 0.8061065909263957, 0.8020760579717637, 0.798065677681905, 0.7940753492934954, 0.7901049725470279, 0.7861544476842928, 0.7822236754458713, 0.778312557068642, 0.7744209942832988, 0.7705488893118823, 0.7666961448653229, 0.7628626641409962, 0.7590483508202912, 0.7552531090661897, 0.7514768435208588, 0.7477194593032545, 0.7439808620067382, 0.7402609576967045, 0.736559652908221, 0.7328768546436799, 0.7292124703704616, 0.7255664080186093, 0.7219385759785162, 0.7183288830986236, 0.7147372386831305, 0.7111635524897149, 0.7076077347272662, 0.7040696960536299, 0.7005493475733617, 0.697046600835495, 0.6935613678313175, 0.6900935609921609, 0.6866430931872001, 0.6832098777212641, 0.6797938283326578, 0.6763948591909945, 0.6730128848950395, 0.6696478204705644, 0.6662995813682115, 0.6629680834613705, 0.6596532430440636, 0.6563549768288433, 0.653073201944699, 0.6498078359349755, 0.6465587967553006, 0.6433260027715241, 0.6401093727576664, 0.6369088258938781, 0.6337242817644086, 0.6305556603555866, 0.6274028820538087, 0.6242658676435396, 0.6211445383053219, 0.6180388156137953, 0.6149486215357263, 0.6118738784280476, 0.6088145090359074, 0.6057704364907278, 0.6027415843082742, 0.5997278763867329, 0.5967292370047992, 0.5937455908197752, 0.5907768628656763, 0.5878229785513479, 0.5848838636585911, 0.5819594443402982, 0.5790496471185967, 0.5761543988830038, 0.5732736268885887, 0.5704072587541458, 0.567555222460375, 0.5647174463480732, 0.5618938591163328, 0.5590843898207511, 0.5562889678716474, 0.5535075230322891, 0.5507399854171277, 0.547986285490042, 0.5452463540625918, 0.5425201222922789, 0.5398075216808175, 0.5371084840724134, 0.5344229416520513, 0.531750826943791, 0.5290920728090721, 0.5264466124450268, 0.5238143793828016, 0.5211953074858876, 0.5185893309484582, 0.5159963842937159, 0.5134164023722473, 0.510849320360386, 0.5082950737585841, 0.5057535983897912, 0.5032248303978422, 0.500708706245853, 0.4982051627146237, 0.49571413690105054, 0.4932355662165453, 0.4907693883854626, 0.4883155414435353, 0.4858739637363176, 0.483444593917636, 0.4810273709480478, 0.47862223409330756, 0.47622912292284103, 0.4738479773082268, 0.47147873742168567, 0.46912134373457726, 0.46677573701590436, 0.46444185833082485, 0.46211964903917074, 0.4598090507939749, 0.457510005540005, 0.45522245551230495, 0.4529463432347434, 0.4506816115185697, 0.4484282034609769, 0.446186062443672, 0.4439551321314536, 0.4417353564707963, 0.43952667968844233, 0.43732904629000013, 0.4351424010585501, 0.43296668905325736, 0.43080185560799106, 0.4286478463299511, 0.42650460709830135, 0.42437208406280985, 0.4222502236424958, 0.42013897252428334, 0.4180382776616619, 0.4159480862733536, 0.41386834584198684, 0.4117990041127769, 0.40974000909221303, 0.40769130904675194, 0.40565285250151817, 0.4036245882390106, 0.4016064652978155, 0.3995984329713264, 0.3976004408064698, 0.39561243860243744, 0.3936343764094253, 0.39166620452737816, 0.3897078735047413, 0.3877593341372176, 0.3858205374665315, 0.38389143477919885, 0.3819719776053028, 0.3800621177172763, 0.37816180712868996, 0.37627099809304654, 0.3743896431025813, 0.37251769488706843, 0.3706551064126331, 0.36880183088056995, 0.3669578217261671, 0.36512303261753626, 0.3632974174544486, 0.3614809303671764, 0.3596735257153405, 0.3578751580867638, 0.35608578229633, 0.3543053533848483, 0.35253382661792404, 0.3507711574848344, 0.34901730169741024, 0.3472722151889232, 0.3455358541129786, 0.3438081748424137, 0.3420891339682016, 0.3403786882983606, 0.3386767948568688, 0.33698341088258443, 0.3352984938281715, 0.33362200135903064, 0.33195389135223546, 0.3302941218954743, 0.32864265128599696, 0.326999438029567, 0.3253644408394192, 0.3237376186352221, 0.322118930542046, 0.32050833588933575, 0.31890579420988907, 0.3173112652388396, 0.3157247089126454, 0.3141460853680822, 0.3125753549412418, 0.31101247816653554, 0.30945741577570285, 0.3079101286968243, 0.3063705780533402, 0.30483872516307353, 0.3033145315372582, 0.3017979588795719, 0.30028896908517405, 0.2987875242397482, 0.29729358661854943, 0.29580711868545667, 0.2943280830920294, 0.29285644267656924, 0.2913921604631864, 0.28993519966087045, 0.2884855236625661, 0.28704309604425327, 0.285607880564032, 0.28417984116121187, 0.2827589419554058, 0.28134514724562876, 