{"episode": 153, "time_step": 5882, "rewards": [44.589999999999996, -68.52000000000001, 39.62, -67.13000000000001, 34.800000000000594, -77.47000000000001, 42.209999999999994, 44.85999999999999, 42.97, 46.51000000000002, -93.57000000000001, 44.39, -64.85, -67.65, -70.19000000000001, 37.99999999999999, -77.97000000000001, -85.96000000000001, 137.12, -88.95, -76.69000000000001, -91.67, 36.429999999999986, -66.12, -66.71000000000001, -80.49000000000001, -64.75999999999999, -67.49000000000001, 137.48, -82.08000000000001, 37.879999999999995, 141.06, 42.14, 45.64000000000001, -63.230000000000004, 136.05000000000027, -67.87000000000002, 38.19, -77.5, 22.910000000000014, -70.60000000000001, -68.24000000000001, 40.790000000000006, 43.24999999999999, 44.269999999999996, -63.749999999999964, -80.94000000000001, 42.50999999999994, -65.50000000000001, -63.27, -79.79, 140.8, 142.45000000000002, -88.61999999999999, -84.8, 44.239999999999995, -82.4, -84.58, -74.94000000000001, 39.29, -79.48, -68.20000000000002, -94.06, -78.57000000000001, -87.59, -83.31, -71.69000000000001, -88.91000000000001, -93.74, -72.43, 87.62, -94.62, -83.4, -78.86000000000001, -84.31, -86.0, -89.58, 40.28999999999999, -71.20000000000002, -83.66000000000001, -71.45000000000002, -86.94, -95.75, -80.55000000000001, 36.04999999999997, 37.50999999999999, -82.43, -77.33, -74.17000000000002, -79.68, -82.29, -93.02000000000001, -79.05000000000001, -83.14, -94.60000000000001, -68.4, 41.04999999999999, -83.39, -95.72, -94.61, -91.51, -93.83000000000001, 40.50999999999999, -92.89, -77.98000000000002, -78.12, -93.89, -78.48, -69.78, -83.9, 43.66, -93.02000000000001, -90.25, -75.44, -91.67, -90.80000000000001, -90.41, -67.53000000000002, -91.17, -78.41000000000001, -75.85000000000001, -80.51, -82.64000000000001, -85.5, -69.02000000000001, 45.50000000000001, -93.73, -89.3, 139.53, -79.5, 12.909999999999771, -67.53, -76.76, -88.64, 23.41000000000007, -80.43, -76.18, -87.93, -89.81, -71.11000000000001, -77.83000000000001, -83.9, -71.73000000000002, -89.9, -78.7, -80.71000000000001, 132.37000000000015, -71.74000000000001, -77.01, -79.33000000000001, -88.19, 134.7, -77.84], "epsilon_values": [0.4975, 0.4950125, 0.4925374375, 0.49007475031250003, 0.48762437656093754, 0.48518625467813287, 0.4827603234047422, 0.4803465217877185, 0.47794478917877986, 0.47555506523288593, 0.4731772899067215, 0.47081140345718786, 0.46845734643990194, 0.46611505970770245, 0.4637844844091639, 0.4614655619871181, 0.4591582341771825, 0.4568624430062966, 0.4545781307912651, 0.4523052401373088, 0.45004371393662224, 0.44779349536693913, 0.4455545278901044, 0.4433267552506539, 0.44111012147440065, 0.43890457086702866, 0.43671004801269353, 0.4345264977726301, 0.4323538652837669, 0.4301920959573481, 0.42804113547756134, 0.4259009298001735, 0.42377142515117266, 0.4216525680254168, 0.4195443051852897, 0.4174465836593632, 0.4153593507410664, 0.4132825539873611, 0.4112161412174243, 0.40916006051133713, 0.40711426020878044, 0.4050786889077365, 0.40305329546319785, 0.40103802898588187, 0.3990328388409525, 0.3970376746467477, 0.39505248627351397, 0.3930772238421464, 0.3911118377229357, 0.389156278534321, 0.3872104971416494, 0.38527444465594113, 0.38334807243266145, 0.3814313320704981, 0.3795241754101456, 0.37762655453309485, 0.3757384217604294, 0.3738597296516272, 0.3719904310033691, 0.37013047884835226, 0.3682798264541105, 0.36643842732183995, 0.3646062351852308, 0.36278320400930464, 0.3609692879892581, 0.3591644415493118, 0.3573686193415653, 0.35558177624485743, 0.3538038673636331, 0.35203484802681495, 0.35027467378668087, 0.3485233004177475, 0.34678068391565875, 0.34504678049608045, 0.34332154659360004, 0.34160493886063203, 0.3398969141663289, 0.33819742959549726, 0.33650644244751976, 0.3348239102352822, 0.3331497906841058, 0.33148404173068524, 0.3298266215220318, 0.3281774884144216, 0.3265366009723495, 0.32490391796748774, 0.3232793983776503, 0.32166300138576204, 0.3200546863788332, 0.31845441294693905, 0.3168621408822043, 0.3152778301777933, 0.31370144102690434, 0.3121329338217698, 0.31057226915266095, 0.30901940780689763, 0.30747431076786313, 0.3059369392140238, 0.3044072545179537, 0.3028852182453639, 0.3013707921541371, 0.29986393819336643, 0.2983646185023996, 0.2968727954098876, 0.29538843143283816, 0.29391148927567395, 0.29244193182929556, 0.2909797221701491, 0.28952482355929837, 0.2880771994415019, 0.28663681344429437, 0.2852036293770729, 0.2837776112301875, 0.2823587231740366, 0.2809469295581664, 0.2795421949103756, 0.2781444839358237, 0.27675376151614456, 0.2753699927085638, 0.273993142745021, 0.2726231770312959, 0.27126006114613943, 0.26990376084040874, 0.2685542420362067, 0.26721147082602564, 0.2658754134718955, 0.26454603640453606, 0.2632233062225134, 0.2619071896914008, 0.2605976537429438, 0.2592946654742291, 0.25799819214685793, 0.25670820118612364, 0.255424660180193, 0.25414753687929204, 0.2528767991948956, 0.2516124151989211, 0.2503543531229265, 0.24910258135731184, 0.24785706845052527, 0.24661778310827265, 0.2453846941927313, 0.24415777072176764, 0.2429369818681588, 0.241722296958818, 0.2405136854740239, 0.23931111704665378, 0.23811456146142052, 0.2369239886541134, 0.23573936871084283, 0.23456067186728863, 0.23338786850795218, 0.23222092916541243], "opponent_rewards": [134.0, 43.48000000000001, 124.02, 37.97999999999998, 19.7999999999999, 40.62999999999999, 130.51999999999998, 136.46, 135.57999999999998, 132.31, 40.73999999999999, 129.6, 41.36000000000001, 43.35, 45.910000000000004, 123.91, 35.129999999999995, 36.63999999999999, 41.33000000000001, 34.26, 36.12, 38.739999999999995, 80.83, 43.480000000000004, 47.6, 42.62, 39.34, 41.12, 41.379999999999995, 38.019999999999996, 125.97999999999999, 39.769999999999975, 127.23999999999998, 117.95, 40.16999999999999, 40.96000000000021, 48.33000000000001, 127.08999999999999, 42.0, 40.70000000000063, 47.7, 45.17000000000001, 134.19, 89.55000000000001, 135.98000000000002, 42.76, 41.46999999999999, -70.57999999999961, 45.210000000000015, 43.44, 36.71999999999999, 43.0, 39.049999999999976, 47.880000000000024, 41.709999999999994, 133.94, 38.0, 40.519999999999996, 44.07, -61.4, 35.62, 39.209999999999994, 39.849999999999994, 44.64, 39.10999999999999, 40.489999999999995, 45.32000000000001, 40.19999999999999, 42.57000000000001, 41.57999999999999, 41.93, 36.97999999999999, 44.6, 34.74999999999999, 51.19000000000002, 44.199999999999996, 39.61999999999999, 134.09, 49.41000000000001, 44.95, 44.85, 42.559999999999995, 43.46000000000001, 46.45, -54.94999999999991, -57.279999999999994, 44.08, 40.879999999999995, 47.930000000000014, 45.33000000000001, 43.72, 45.480000000000004, 40.050000000000004, 47.96000000000002, 39.709999999999994, 41.81000000000001, 138.06, 42.209999999999994, 45.69, 43.7, 41.6, 46.27, 135.81, 40.12, 46.93000000000001, 38.58999999999999, 39.62, 42.73, 40.22, 44.800000000000004, 126.36999999999999, 39.08999999999999, 44.050000000000004, 48.07000000000003, 37.629999999999995, 42.209999999999994, 42.0, 50.58000000000003, 36.53, 40.19, 42.85, 44.70000000000001, 38.47, 43.709999999999994, 48.28000000000001, 130.60999999999999, 45.48, 36.10999999999999, 41.940000000000005, 37.10999999999999, 26.300000000000146, 44.06999999999999, 40.449999999999996, 41.470000000000006, 23.800000000000065, 44.18000000000001, 41.71999999999999, 39.579999999999984, 44.09, 42.59, 40.56999999999999, 37.69999999999999, 42.77, 45.099999999999994, 44.2, 42.989999999999995, 42.07000000000018, 46.46, 44.89, 44.18, 40.51, 39.09999999999999, 39.07000000000001], "win_rate": [0, 0, 0, 0, 0, 0, 1, 0, 0, 0, 0, 0, 0, 0, 0, 0, 0, 1, 0, 0, 0, 0, 0, 0, 0, 0, 0, 0, 0, 0, 0, 1, 1, 0, 0, 0, 0, 0, 0, 0, 0, 0, 0, 0, 0, 0, 0, 0, 0, 0, 0, 0, 0, 0, 0, 0, 0, 0, 0, 0, 0, 0, 0, 0, 0, 0, 0, 0, 0, 0, 0, 0, 0, 0, 0, 1, 0, 0, 0, 0, 0, 0, 0, 0, 0, 0, 0, 0, 0, 0, 0, 0, 0, 1, 0, 0, 0, 0, 1, 0], "actions_taken": {"2": 50, "6": 65, "12": 178, "7": 48, "3": 57, "9": 1341, "10": 375, "17": 77, "13": 206, "22": 57, "0": 1712, "20": 36, "16": 210,